<?xml version="1.0" encoding="UTF-8" ?>
<extension type="package" version="3.1" method="upgrade">
    <name>Widgetkit</name>
    <packagename>widgetkit</packagename>
    <version>2.9.19</version>
    <description>A widget toolkit by YOOtheme.</description>
    <creationDate>October 2018</creationDate>
    <copyright>Copyright (C) YOOtheme GmbH</copyright>
    <license>GNU General Public License v2 or later</license>
    <author>YOOtheme</author>
    <authorEmail>info@yootheme.com</authorEmail>
    <authorUrl>http://yootheme.com</authorUrl>
    <files folder="packages">
        <file type="component" id="com_widgetkit">com_widgetkit.zip</file>
        <file type="module" id="mod_widgetkit" client="site">mod_widgetkit.zip</file>
        <file type="plugin" id="widgetkit" group="content">plg_content_widgetkit.zip</file>
        <file type="plugin" id="widgetkit" group="editors-xtd">plg_extd_widgetkit.zip</file>
        <file type="plugin" id="widgetkit" group="system">plg_system_widgetkit.zip</file>
        <file type="plugin" id="widgetkit_zoo" group="system">plg_system_widgetkit_zoo.zip</file>
        <file type="plugin" id="widgetkit_k2" group="system">plg_system_widgetkit_k2.zip</file>
        <file type="plugin" id="yootheme" group="installer">plg_installer_yootheme.zip</file>
    </files>
    <scriptfile>script.php</scriptfile>
    <updateservers>
        <server type="extension" priority="1" name="Widgetkit">http://yootheme.com/api/update/widgetkit_j33.xml</server>
    </updateservers>
</extension>
